ckpt_i,ckpt,n_ep,succ,surv,vfwd,vrmse,yaw,yrate,roll,pitch,tilt,bounce,cont,asym,scuff,ret
-1,baseline_zero_residual,16,1.0,1.0,0.15259705483913422,0.14940966665744781,0.008174812377546914,0.004267193202394992,0.010329654614906758,0.008535936358384788,0.013400858358152636,0.1052337666042149,0.5247222185134888,0.8756249994039536,152.28125,272.37737464904785
0,model_0.pt,16,1.0,1.0,0.13655347656458616,0.15008384827524424,0.00826667884393828,0.004191951695247553,0.011307569919154048,0.0061947808135300875,0.01289336889129834,0.10611185804009438,0.5248611085116863,0.8620833344757557,151.65625,272.39070224761963
100,model_100.pt,16,1.0,1.0,0.15606747847050428,0.09651499567553401,0.03666860715020448,0.006460219592554495,0.008342889603227377,0.005847002670634538,0.010189280515275132,0.10813792143017054,0.5555555634200573,0.8177777752280235,149.0,312.275203704834
149,model_149.pt,16,1.0,1.0,0.1574766244739294,0.08314642077311873,0.012180229998193681,0.0074222277908120304,0.008229659695643932,0.005505190492840484,0.00991195414973231,0.10478708054870367,0.5752083361148834,0.7932638861238956,146.984375,339.06151580810547
